{"chunk_definitions":[{"row":27,"row_count":1,"visible":true,"expansion_state":0,"options":{"engine":"r","label":"setup"},"document_id":"7EA9D8C1","chunk_id":"cg0iynvshksgr","chunk_label":"unnamed-chunk-1"},{"row":39,"row_count":1,"visible":true,"expansion_state":0,"options":{"engine":"r","label":"load-libraries","warning":false,"message":false,"echo":false},"document_id":"7EA9D8C1","chunk_id":"c9ipr5xjsj8gv","chunk_label":"load-libraries"},{"row":56,"row_count":1,"visible":true,"expansion_state":0,"options":{"engine":"r","label":"firestone","echo":false,"out.width":"100%"},"document_id":"7EA9D8C1","chunk_id":"ck31axdtkd9al","chunk_label":"firestone"},{"row":73,"row_count":1,"visible":true,"expansion_state":0,"options":{"engine":"r","label":"load_data"},"document_id":"7EA9D8C1","chunk_id":"c2v75ek9eu71i","chunk_label":"load_data"},{"row":99,"row_count":1,"visible":true,"expansion_state":0,"options":{"engine":"r","label":"unnamed-chunk-6"},"document_id":"7EA9D8C1","chunk_id":"coq80l9x2e0z2","chunk_label":"unnamed-chunk-2"},{"row":397,"row_count":1,"visible":true,"expansion_state":0,"options":{"engine":"r","label":"unnamed-chunk-25"},"document_id":"61E0F5D6","chunk_id":"cf21pce3pr1in","chunk_label":"unnamed-chunk-10"}],"doc_write_time":1598594375,"working_dir":null,"default_chunk_options":{"message":false,"warning":false,"tidy":false,"size":"small","fig.width":6.75,"fig.height":6.75,"fig.align":"center"}}