symbol,name,last_sale,market_cap,adr_tso,ip_oyear,sector,industry,summary_quote,x10
MMM,3M Company,163.94,94311247457,n/a,n/a,Health Care,Medical/Dental Instruments,https://www.nasdaq.com/symbol/mmm,NA
ABB,ABB Ltd,19.46,41504725091.06,n/a,n/a,Consumer Durables,Electrical Products,https://www.nasdaq.com/symbol/abb,NA
ABT,Abbott Laboratories,86.04,152066890794.6,n/a,n/a,Health Care,Major Pharmaceuticals,https://www.nasdaq.com/symbol/abt,NA
ABBV,AbbVie Inc.,67.62,99975077125.56,n/a,2012,Health Care,Major Pharmaceuticals,https://www.nasdaq.com/symbol/abbv,NA
ACN,Accenture plc,201.12,128269978332.96,n/a,2001,Miscellaneous,Business Services,https://www.nasdaq.com/symbol/acn,NA
AAP,Advance Auto Parts Inc,147.21,10508878797.9,n/a,n/a,Consumer Services,Other Specialty Stores,https://www.nasdaq.com/symbol/aap,NA
AFL,Aflac Incorporated,51.57,38181568585.95,n/a,n/a,Finance,Accident &Health Insurance,https://www.nasdaq.com/symbol/afl,NA
A,"Agilent Technologies, Inc.",74.28,23026800000,n/a,1999,Capital Goods,Biotechnology: Laboratory Analytical Instruments,https://www.nasdaq.com/symbol/a,NA
AEM,Agnico Eagle Mines Limited,59.48,14173117985.32,n/a,n/a,Basic Industries,Precious Metals,https://www.nasdaq.com/symbol/aem,NA
APD,"Air Products and Chemicals, Inc.",225.59,49709915807.01,n/a,n/a,Basic Industries,Major Chemicals,https://www.nasdaq.com/symbol/apd,NA
ALC,Alcon Inc.,59.84,29243808000,n/a,2019,Health Care,Ophthalmic Goods,https://www.nasdaq.com/symbol/alc,NA
ARE,"Alexandria Real Estate Equities, Inc.",153.11,17365355109.21,n/a,n/a,Consumer Services,Real Estate Investment Trusts,https://www.nasdaq.com/symbol/are,NA
BABA,Alibaba Group Holding Limited,176.69,460024958753.17,n/a,2014,Miscellaneous,Business Services,https://www.nasdaq.com/symbol/baba,NA
Y,Alleghany Corporation,780.02,11255834463.74,n/a,n/a,Finance,Property-Casualty Insurers,https://www.nasdaq.com/symbol/y,NA
AGN,Allergan plc.,163.26,53554621050.9,n/a,2013,Health Care,Major Pharmaceuticals,https://www.nasdaq.com/symbol/agn,NA
ALL,Allstate Corporation (The),105.31,34667187615.52,n/a,n/a,Finance,Property-Casualty Insurers,https://www.nasdaq.com/symbol/all,NA
ALLY,Ally Financial Inc.,32.57,12715827330.67,n/a,2014,Finance,Major Banks,https://www.nasdaq.com/symbol/ally,NA
ATUS,"Altice USA, Inc.",29.15,18881373662.25,n/a,2017,Consumer Services,Television Services,https://www.nasdaq.com/symbol/atus,NA
MO,Altria Group,43.85,81916004732.65,n/a,n/a,Consumer Non-Durables,Farming/Seeds/Milling,https://www.nasdaq.com/symbol/mo,NA
ABEV,Ambev S.A.,4.61,72498112693.74,n/a,2013,Consumer Non-Durables,Beverages (Production/Distribution),https://www.nasdaq.com/symbol/abev,NA
AMCR,Amcor plc,9.87,16047710528.85,n/a,2019,Consumer Durables,Miscellaneous manufacturing industries,https://www.nasdaq.com/symbol/amcr,NA
AEE,Ameren Corporation,76.19,19302929108.32,n/a,n/a,Public Utilities,Power Generation,https://www.nasdaq.com/symbol/aee,NA
AMOV,"America Movil, S.A.B. de C.V.",14.4086,47554330867.0688,n/a,n/a,Public Utilities,Telecommunications Equipment,https://www.nasdaq.com/symbol/amov,NA
AMX,"America Movil, S.A.B. de C.V.",14.53,47955001006.24,n/a,n/a,Public Utilities,Telecommunications Equipment,https://www.nasdaq.com/symbol/amx,NA
AEP,"American Electric Power Company, Inc.",91.09,44979796660.99,n/a,n/a,Public Utilities,Electric Utilities: Central,https://www.nasdaq.com/symbol/aep,NA
AXP,American Express Company,120.19,99718480440.53,n/a,n/a,Finance,Finance: Consumer Services,https://www.nasdaq.com/symbol/axp,NA
AIG,"American International Group, Inc.",54.85,47714470364.7,n/a,n/a,Finance,Property-Casualty Insurers,https://www.nasdaq.com/symbol/aig,NA
AMT,American Tower Corporation (REIT),232.59,102964127874.18,n/a,n/a,Consumer Services,Real Estate Investment Trusts,https://www.nasdaq.com/symbol/amt,NA
AWK,American Water Works,125.7,22708042001.7,n/a,2008,Public Utilities,Water Supply,https://www.nasdaq.com/symbol/awk,NA
AMP,"AMERIPRISE FINANCIAL SERVICES, INC.",134.75,17634781279.5,n/a,n/a,Finance,Investment Managers,https://www.nasdaq.com/symbol/amp,NA
ABC,AmerisourceBergen Corporation (Holding Co),86.32,17982657246.32,n/a,n/a,Health Care,Other Pharmaceuticals,https://www.nasdaq.com/symbol/abc,NA
APH,Amphenol Corporation,89.32,26568071258.96,n/a,n/a,Capital Goods,Electrical Products,https://www.nasdaq.com/symbol/aph,NA
AME,"AMTEK, Inc.",89.27,20384430815.78,n/a,n/a,Consumer Durables,Metal Fabrications,https://www.nasdaq.com/symbol/ame,NA
BUD,Anheuser-Busch Inbev SA,93.57,183339127276.62,n/a,n/a,Consumer Non-Durables,Beverages (Production/Distribution),https://www.nasdaq.com/symbol/bud,NA
NLY,Annaly Capital Management Inc,8.31,12101548937.1,n/a,n/a,Consumer Services,Real Estate Investment Trusts,https://www.nasdaq.com/symbol/nly,NA
ANTM,"Anthem, Inc.",249.38,63795694333.52,n/a,n/a,Health Care,Medical Specialities,https://www.nasdaq.com/symbol/antm,NA
AON,Aon plc,195.28,46055203498.08,n/a,n/a,Finance,Specialty Insurers,https://www.nasdaq.com/symbol/aon,NA
APO,"Apollo Global Management, Inc",40.68,16395408068.4,n/a,2011,Finance,Investment Managers,https://www.nasdaq.com/symbol/apo,NA
APTV,Aptiv PLC,88.75,22737107183.75,n/a,2011,Capital Goods,Auto Parts:O.E.M.,https://www.nasdaq.com/symbol/aptv,NA
ARMK,Aramark,42,10370159310,n/a,2013,Consumer Services,Restaurants,https://www.nasdaq.com/symbol/armk,NA
MT,ArcelorMittal,15.12,15301494779.76,n/a,n/a,Basic Industries,Steel/Iron Ore,https://www.nasdaq.com/symbol/mt,NA
ADM,Archer-Daniels-Midland Company,38.71,21560465823.89,n/a,n/a,Consumer Non-Durables,Packaged Foods,https://www.nasdaq.com/symbol/adm,NA
ARNC,Arconic Inc.,25.99,11440495580.36,n/a,n/a,Capital Goods,Metal Fabrications,https://www.nasdaq.com/symbol/arnc,NA
ANET,"Arista Networks, Inc.",235.7,18065061981.4,n/a,2014,Technology,Computer Communications Equipment,https://www.nasdaq.com/symbol/anet,NA
AJG,Arthur J. Gallagher & Co.,90.5,16839335000,n/a,n/a,Finance,Specialty Insurers,https://www.nasdaq.com/symbol/ajg,NA
AZN,Astrazeneca PLC,44.74,117386694545.28,n/a,n/a,Health Care,Major Pharmaceuticals,https://www.nasdaq.com/symbol/azn,NA
T,AT&T Inc.,36.25,264878750000,n/a,n/a,Public Utilities,Telecommunications Equipment,https://www.nasdaq.com/symbol/t,NA
ATO,Atmos Energy Corporation,109.09,12894513163.01,n/a,n/a,Public Utilities,Oil/Gas Transmission,https://www.nasdaq.com/symbol/ato,NA
ATHM,Autohome Inc.,91.54,10806877821.3,n/a,2013,Technology,EDP Services,https://www.nasdaq.com/symbol/athm,NA
AZO,"AutoZone, Inc.",1143.34,28044649574.7,n/a,n/a,Consumer Services,Other Specialty Stores,https://www.nasdaq.com/symbol/azo,NA
AVB,"AvalonBay Communities, Inc.",215.75,30130985452.25,n/a,n/a,Consumer Services,Real Estate Investment Trusts,https://www.nasdaq.com/symbol/avb,NA
AGR,"Avangrid, Inc.",50.21,15515154707.12,n/a,2015,Public Utilities,Electric Utilities: Central,https://www.nasdaq.com/symbol/agr,NA
EQH,"AXA Equitable Holdings, Inc.",20.97,10299384548.28,n/a,2018,Finance,Specialty Insurers,https://www.nasdaq.com/symbol/eqh,NA
BHGE,"Baker Hughes, a GE company",23.53,24422149856.13,n/a,2017,Energy,Metal Fabrications,https://www.nasdaq.com/symbol/bhge,NA
BLL,Ball Corporation,78.3,25995827931.3,n/a,n/a,Consumer Durables,Containers/Packaging,https://www.nasdaq.com/symbol/bll,NA
BBVA,Banco Bilbao Viscaya Argentaria S.A.,4.95,33006038571,n/a,n/a,Finance,Commercial Banks,https://www.nasdaq.com/symbol/bbva,NA
BBD,Banco Bradesco Sa,8.39,67390973231.13,n/a,n/a,Finance,Major Banks,https://www.nasdaq.com/symbol/bbd,NA
BBDO,Banco Bradesco Sa,7.62,61206104412.54,n/a,n/a,Finance,Major Banks,https://www.nasdaq.com/symbol/bbdo,NA
BCH,Banco De Chile,29.01,14652527599.05,n/a,n/a,Finance,Commercial Banks,https://www.nasdaq.com/symbol/bch,NA
BSBR,Banco Santander Brasil SA,10.75,80282176877.75,n/a,2009,Finance,Commercial Banks,https://www.nasdaq.com/symbol/bsbr,NA
BSAC,Banco Santander Chile,28.49,13422075352.84,n/a,n/a,Finance,Commercial Banks,https://www.nasdaq.com/symbol/bsac,NA
SAN,"Banco Santander, S.A.",3.87,62835541155.54,n/a,n/a,Finance,Commercial Banks,https://www.nasdaq.com/symbol/san,NA
CIB,BanColombia S.A.,49.68,11945891340,n/a,n/a,Finance,Commercial Banks,https://www.nasdaq.com/symbol/cib,NA
BAC,Bank of America Corporation,27.73,258119173863.28,n/a,n/a,Finance,Major Banks,https://www.nasdaq.com/symbol/bac,NA
BMO,Bank Of Montreal,69.91,44668066374.84,n/a,n/a,Finance,Commercial Banks,https://www.nasdaq.com/symbol/bmo,NA
BK,Bank Of New York Mellon Corporation (The),43.03,40562747021.81,n/a,n/a,Finance,Major Banks,https://www.nasdaq.com/symbol/bk,NA
BNS,Bank of Nova Scotia (The),54.68,66732271640.32,n/a,n/a,Finance,Major Banks,https://www.nasdaq.com/symbol/bns,NA
BCS,Barclays PLC,6.87,29622030434.01,n/a,n/a,Finance,Commercial Banks,https://www.nasdaq.com/symbol/bcs,NA
GOLD,Barrick Gold Corporation,17.87,31320194726.21,n/a,n/a,Basic Industries,Precious Metals,https://www.nasdaq.com/symbol/gold,NA
BAX,Baxter International Inc.,89.78,45837705918.82,n/a,n/a,Health Care,Medical/Dental Instruments,https://www.nasdaq.com/symbol/bax,NA
BBT,BB&T Corporation,48.72,37320015969.6,n/a,n/a,Finance,Major Banks,https://www.nasdaq.com/symbol/bbt,NA
BCE,"BCE, Inc.",48.18,43365969405.66,n/a,n/a,Public Utilities,Telecommunications Equipment,https://www.nasdaq.com/symbol/bce,NA
BDX,"Becton, Dickinson and Company",262.48,70857562929.68,n/a,n/a,Health Care,Medical/Dental Instruments,https://www.nasdaq.com/symbol/bdx,NA
BBY,"Best Buy Co., Inc.",66.35,17718312471.7,n/a,n/a,Consumer Services,Consumer Electronics/Video Chains,https://www.nasdaq.com/symbol/bby,NA
BHP,BHP Group Limited,49.16,124301060000,n/a,n/a,Basic Industries,Precious Metals,https://www.nasdaq.com/symbol/bhp,NA
BBL,BHP Group Plc,43.13,109054205000,n/a,n/a,Energy,Coal Mining,https://www.nasdaq.com/symbol/bbl,NA
BIO,"Bio-Rad Laboratories, Inc.",335.59,10001413927.61,n/a,n/a,Capital Goods,Biotechnology: Laboratory Analytical Instruments,https://www.nasdaq.com/symbol/bio,NA
BLK,"BlackRock, Inc.",423.83,65861898218.93,n/a,1999,Finance,Investment Bankers/Brokers/Service,https://www.nasdaq.com/symbol/blk,NA
BA,Boeing Company (The),363,204263732904,n/a,n/a,Capital Goods,Aerospace,https://www.nasdaq.com/symbol/ba,NA
BAH,Booz Allen Hamilton Holding Corporation,76.58,10737903246.7,n/a,2010,Consumer Services,Professional Services,https://www.nasdaq.com/symbol/bah,NA
BXP,"Boston Properties, Inc.",130.17,20120084017.5,n/a,1997,Consumer Services,Real Estate Investment Trusts,https://www.nasdaq.com/symbol/bxp,NA
BSX,Boston Scientific Corporation,43.45,60524695359.7,n/a,n/a,Health Care,Medical/Dental Instruments,https://www.nasdaq.com/symbol/bsx,NA
BP,BP p.l.c.,37.45,127199292421.95,n/a,n/a,Energy,Integrated oil Companies,https://www.nasdaq.com/symbol/bp,NA
BMY,Bristol-Myers Squibb Company,48.27,78958450403.1,n/a,n/a,Health Care,Major Pharmaceuticals,https://www.nasdaq.com/symbol/bmy,NA
BTI,British American Tobacco p.l.c.,35.98,82531120414.82,n/a,n/a,Consumer Non-Durables,Farming/Seeds/Milling,https://www.nasdaq.com/symbol/bti,NA
BR,"Broadridge Financial Solutions, Inc.",130.29,14889896631.12,n/a,n/a,Miscellaneous,Business Services,https://www.nasdaq.com/symbol/br,NA
BAM,Brookfield Asset Management Inc,53.48,53250097502,n/a,n/a,Consumer Services,Building operators,https://www.nasdaq.com/symbol/bam,NA
BIP,Brookfield Infrastructure Partners LP,48.33,14177721057.03,n/a,n/a,Consumer Services,Marine Transportation,https://www.nasdaq.com/symbol/bip,NA
BRO,"Brown & Brown, Inc.",36.81,10353730799.07,n/a,n/a,Finance,Specialty Insurers,https://www.nasdaq.com/symbol/bro,NA
BT,BT Group plc,10.25,20258397762.5,n/a,n/a,Public Utilities,Telecommunications Equipment,https://www.nasdaq.com/symbol/bt,NA
BURL,"Burlington Stores, Inc.",200.68,13318348546.64,n/a,2013,Consumer Services,Department/Specialty Retail Stores,https://www.nasdaq.com/symbol/burl,NA
CJ,"C&J Energy Services, Inc",9.92,117232401695.68,n/a,2017,Energy,Oilfield Services/Equipment,https://www.nasdaq.com/symbol/cj,NA
CPT,Camden Property Trust,110.95,10742948216.35,n/a,1993,Consumer Services,Real Estate Investment Trusts,https://www.nasdaq.com/symbol/cpt,NA
CPB,Campbell Soup Company,44.98,13545722636.94,n/a,n/a,Consumer Non-Durables,Packaged Foods,https://www.nasdaq.com/symbol/cpb,NA
CM,Canadian Imperial Bank of Commerce,78.54,34942149511.5,n/a,n/a,Finance,Commercial Banks,https://www.nasdaq.com/symbol/cm,NA
CNI,Canadian National Railway Company,92.82,66895311439.32,n/a,n/a,Transportation,Railroads,https://www.nasdaq.com/symbol/cni,NA
CNQ,Canadian Natural Resources Limited,23.91,28417486564.26,n/a,n/a,Energy,Oil & Gas Production,https://www.nasdaq.com/symbol/cnq,NA
CP,Canadian Pacific Railway Limited,241.47,33580708427.16,n/a,n/a,Transportation,Railroads,https://www.nasdaq.com/symbol/cp,NA
CAJ,"Canon, Inc.",26.08,27744856572,n/a,n/a,Miscellaneous,Industrial Machinery/Components,https://www.nasdaq.com/symbol/caj,NA
COF,Capital One Financial Corporation,88.19,41478670885.79,n/a,1994,Finance,Major Banks,https://www.nasdaq.com/symbol/cof,NA
CAH,"Cardinal Health, Inc.",45.43,13544212991.54,n/a,n/a,Health Care,Other Pharmaceuticals,https://www.nasdaq.com/symbol/cah,NA
KMX,CarMax Inc,86,14240405804,n/a,n/a,Consumer Durables,Automotive Aftermarket,https://www.nasdaq.com/symbol/kmx,NA
CCL,Carnival Corporation,45.72,32753201661.36,n/a,1987,Consumer Services,Marine Transportation,https://www.nasdaq.com/symbol/ccl,NA
CUK,Carnival Corporation,44.18,31496289533.42,n/a,n/a,Consumer Services,Marine Transportation,https://www.nasdaq.com/symbol/cuk,NA
CVNA,Carvana Co.,83.61,12637935941.22,n/a,2017,Consumer Durables,Automotive Aftermarket,https://www.nasdaq.com/symbol/cvna,NA
CAT,"Caterpillar, Inc.",122.7,69029693735.7,n/a,n/a,Capital Goods,Construction/Ag Equipment/Trucks,https://www.nasdaq.com/symbol/cat,NA
CBRE,"CBRE Group, Inc.",53.86,18115039670.94,n/a,n/a,Finance,Real Estate,https://www.nasdaq.com/symbol/cbre,NA
CBS,CBS Corporation,43.63,16346712745.78,n/a,n/a,Consumer Services,Broadcasting,https://www.nasdaq.com/symbol/cbs,NA
CE,Celanese Corporation,118.07,14610023006.43,n/a,2005,Basic Industries,Major Chemicals,https://www.nasdaq.com/symbol/ce,NA
CVE,Cenovus Energy Inc,9.11,11193560981.54,n/a,n/a,Energy,Oil & Gas Production,https://www.nasdaq.com/symbol/cve,NA
CNC,Centene Corporation,45.89,18980350750.53,n/a,n/a,Health Care,Medical Specialities,https://www.nasdaq.com/symbol/cnc,NA
CNP,"CenterPoint Energy, Inc.",28.5,14313232836,n/a,n/a,Public Utilities,Electric Utilities: Central,https://www.nasdaq.com/symbol/cnp,NA
EBR,Centrais Electricas Brasileiras S.A.- Eletrobras,11.08,14987185828,n/a,2016,Public Utilities,Electric Utilities: Central,https://www.nasdaq.com/symbol/ebr,NA
CTL,"CenturyLink, Inc.",11.8,12871074731,n/a,n/a,Public Utilities,Telecommunications Equipment,https://www.nasdaq.com/symbol/ctl,NA
CF,"CF Industries Holdings, Inc.",48.64,10619368808.96,n/a,2005,Basic Industries,Agricultural Chemicals,https://www.nasdaq.com/symbol/cf,NA
GIB,CGI Inc.,80.09,19261310944.61,n/a,n/a,Consumer Services,Professional Services,https://www.nasdaq.com/symbol/gib,NA
CVX,Chevron Corporation,118.26,224506968380.46,n/a,n/a,Energy,Integrated oil Companies,https://www.nasdaq.com/symbol/cvx,NA
CHWY,"Chewy, Inc.",32.79,13070094000,n/a,2019,Consumer Services,Catalog/Specialty Distribution,https://www.nasdaq.com/symbol/chwy,NA
LFC,China Life Insurance Company Limited,12.09,68344056690,n/a,2003,Finance,Life Insurance,https://www.nasdaq.com/symbol/lfc,NA
CHL,China Mobile (Hong Kong) Ltd.,41.94,171748350523.26,n/a,n/a,Public Utilities,Telecommunications Equipment,https://www.nasdaq.com/symbol/chl,NA
SNP,China Petroleum & Chemical Corporation,58.93,71347263817.28,n/a,n/a,Energy,Integrated oil Companies,https://www.nasdaq.com/symbol/snp,NA
CHA,China Telecom Corp Ltd,45.37,36719015497.71,n/a,2002,Public Utilities,Telecommunications Equipment,https://www.nasdaq.com/symbol/cha,NA
CHU,China Unicom (Hong Kong) Ltd,10.14,31026498080.76,n/a,n/a,Public Utilities,Telecommunications Equipment,https://www.nasdaq.com/symbol/chu,NA
CMG,"Chipotle Mexican Grill, Inc.",836.32,23185142131.84,n/a,2006,Consumer Services,Restaurants,https://www.nasdaq.com/symbol/cmg,NA
CB,Chubb Limited,161.03,73389338603.37,n/a,n/a,Finance,Property-Casualty Insurers,https://www.nasdaq.com/symbol/cb,NA
CHT,"Chunghwa Telecom Co., Ltd.",34.93,27096762371,n/a,n/a,Public Utilities,Telecommunications Equipment,https://www.nasdaq.com/symbol/cht,NA
CHD,"Church & Dwight Company, Inc.",75.9,18754610991.6,n/a,n/a,Basic Industries,Package Goods/Cosmetics,https://www.nasdaq.com/symbol/chd,NA
CI,Cigna Corporation,153.8,58076306033.6,n/a,n/a,Health Care,Medical Specialities,https://www.nasdaq.com/symbol/ci,NA
C,Citigroup Inc.,65.97,149029955062.02,n/a,n/a,Finance,Major Banks,https://www.nasdaq.com/symbol/c,NA
CFG,"Citizens Financial Group, Inc.",34.14,15263533724.52,n/a,2014,Finance,Major Banks,https://www.nasdaq.com/symbol/cfg,NA
CLX,Clorox Company (The),162.04,20375310811.04,n/a,n/a,Consumer Durables,Specialty Chemicals,https://www.nasdaq.com/symbol/clx,NA
CMS,CMS Energy Corporation,62.76,17810472496.56,n/a,n/a,Public Utilities,Power Generation,https://www.nasdaq.com/symbol/cms,NA
CNA,CNA Financial Corporation,47.95,13018762520.05,n/a,n/a,Finance,Property-Casualty Insurers,https://www.nasdaq.com/symbol/cna,NA
CNHI,CNH Industrial N.V.,10.54,14237792489.08,n/a,2013,Capital Goods,Construction/Ag Equipment/Trucks,https://www.nasdaq.com/symbol/cnhi,NA
KOF,Coca Cola Femsa S.A.B. de C.V.,61.29,12876000921.54,n/a,1993,Consumer Non-Durables,Beverages (Production/Distribution),https://www.nasdaq.com/symbol/kof,NA
KO,Coca-Cola Company (The),55.23,236164995345.51,n/a,n/a,Consumer Non-Durables,Beverages (Production/Distribution),https://www.nasdaq.com/symbol/ko,NA
CCEP,Coca-Cola European Partners plc,55.66,25750268719.78,n/a,2016,Consumer Non-Durables,Beverages (Production/Distribution),https://www.nasdaq.com/symbol/ccep,NA
CL,Colgate-Palmolive Company,74.7,64093081665.6,n/a,n/a,Consumer Non-Durables,Package Goods/Cosmetics,https://www.nasdaq.com/symbol/cl,NA
CAG,"ConAgra Brands, Inc.",28.66,13946033811.9,n/a,n/a,Consumer Non-Durables,Packaged Foods,https://www.nasdaq.com/symbol/cag,NA
CXO,Concho Resources Inc.,69.68,14011171689.84,n/a,2007,Energy,Oil & Gas Production,https://www.nasdaq.com/symbol/cxo,NA
COP,ConocoPhillips,53.63,59536893739.85,n/a,n/a,Energy,Integrated oil Companies,https://www.nasdaq.com/symbol/cop,NA
ED,Consolidated Edison Inc,91.14,30271623025.98,n/a,n/a,Public Utilities,Power Generation,https://www.nasdaq.com/symbol/ed,NA
STZ,Constellation Brands Inc,204.75,39224809464.75,n/a,n/a,Consumer Non-Durables,Beverages (Production/Distribution),https://www.nasdaq.com/symbol/stz,NA
CLR,"Continental Resources, Inc.",30.31,11346352939.88,n/a,2007,Energy,Oil & Gas Production,https://www.nasdaq.com/symbol/clr,NA
GLW,Corning Incorporated,28.33,22121936556.34,n/a,n/a,Basic Industries,Telecommunications Equipment,https://www.nasdaq.com/symbol/glw,NA
CTVA,"Corteva, Inc.",28.39,21261072752.63,n/a,2019,Consumer Non-Durables,Farming/Seeds/Milling,https://www.nasdaq.com/symbol/ctva,NA
BAP,Credicorp Ltd.,212.73,16967557530,n/a,n/a,Finance,Commercial Banks,https://www.nasdaq.com/symbol/bap,NA
CS,Credit Suisse Group,12.23,30670394000,n/a,n/a,Finance,Investment Bankers/Brokers/Service,https://www.nasdaq.com/symbol/cs,NA
CRH,CRH PLC,33.82,26955362028.92,n/a,n/a,Capital Goods,Building Materials,https://www.nasdaq.com/symbol/crh,NA
CCI,Crown Castle International Corporation,146.44,60883201445.92,n/a,n/a,Consumer Services,Real Estate Investment Trusts,https://www.nasdaq.com/symbol/cci,NA
CMI,Cummins Inc.,154.9,24443220000,n/a,n/a,Energy,Industrial Machinery/Components,https://www.nasdaq.com/symbol/cmi,NA
CVS,CVS Health Corporation,62.23,80929911010.06,n/a,n/a,Health Care,Medical/Nursing Services,https://www.nasdaq.com/symbol/cvs,NA
DHI,"D.R. Horton, Inc.",50.13,18539072539.47,n/a,n/a,Capital Goods,Homebuilding,https://www.nasdaq.com/symbol/dhi,NA
DHR,Danaher Corporation,144.33,103537665563.67,n/a,n/a,Capital Goods,Industrial Machinery/Components,https://www.nasdaq.com/symbol/dhr,NA
DRI,"Darden Restaurants, Inc.",125.48,15410916169.16,n/a,n/a,Consumer Services,Restaurants,https://www.nasdaq.com/symbol/dri,NA
DE,Deere & Company,156.52,49616141294.72,n/a,n/a,Capital Goods,Industrial Machinery/Components,https://www.nasdaq.com/symbol/de,NA
DELL,Dell Technologies Inc.,53.36,38342592488.72,n/a,2018,Technology,Computer Manufacturing,https://www.nasdaq.com/symbol/dell,NA
DAL,"Delta Air Lines, Inc.",57.98,37698631773.66,n/a,n/a,Transportation,Air Freight/Delivery Services,https://www.nasdaq.com/symbol/dal,NA
DB,Deutsche Bank AG,7.85,16209465000,n/a,n/a,Finance,Major Banks,https://www.nasdaq.com/symbol/db,NA
DEO,Diageo plc,169.93,100529348360.65,n/a,n/a,Consumer Non-Durables,Beverages (Production/Distribution),https://www.nasdaq.com/symbol/deo,NA
DLR,"Digital Realty Trust, Inc.",128.62,26797082962.38,n/a,2004,Consumer Services,Real Estate Investment Trusts,https://www.nasdaq.com/symbol/dlr,NA
DFS,Discover Financial Services,82.25,26175324964.25,n/a,n/a,Finance,Finance: Consumer Services,https://www.nasdaq.com/symbol/dfs,NA
DG,Dollar General Corporation,161.54,41729466404.32,n/a,2009,Consumer Services,Department/Specialty Retail Stores,https://www.nasdaq.com/symbol/dg,NA
D,"Dominion Energy, Inc.",76.37,61354661829.72,n/a,n/a,Public Utilities,Electric Utilities: Central,https://www.nasdaq.com/symbol/d,NA
DOV,Dover Corporation,95.14,13836948962.1,n/a,n/a,Technology,Industrial Machinery/Components,https://www.nasdaq.com/symbol/dov,NA
DOW,Dow Inc.,43.24,32136487139.44,n/a,2019,Basic Industries,Major Chemicals,https://www.nasdaq.com/symbol/dow,NA
DTE,DTE Energy Company,128.88,23623927220.16,n/a,n/a,Public Utilities,Electric Utilities: Central,https://www.nasdaq.com/symbol/dte,NA
DUK,Duke Energy Corporation,93.76,68313635385.6,n/a,n/a,Public Utilities,Power Generation,https://www.nasdaq.com/symbol/duk,NA
DRE,Duke Realty Corporation,33.32,12043313680.16,n/a,n/a,Consumer Services,Real Estate Investment Trusts,https://www.nasdaq.com/symbol/dre,NA
DD,"DuPont de Nemours, Inc.",69.22,51602291658.78,n/a,2017,Basic Industries,Major Chemicals,https://www.nasdaq.com/symbol/dd,NA
ETN,"Eaton Corporation, PLC",83.25,34965000000,n/a,n/a,Technology,Industrial Machinery/Components,https://www.nasdaq.com/symbol/etn,NA
ECL,Ecolab Inc.,206.69,59475429049.74,n/a,n/a,Basic Industries,Package Goods/Cosmetics,https://www.nasdaq.com/symbol/ecl,NA
EC,Ecopetrol S.A.,16.78,34496906836.52,n/a,n/a,Energy,Oil & Gas Production,https://www.nasdaq.com/symbol/ec,NA
EIX,Edison International,70.98,25417197039.78,n/a,n/a,Public Utilities,Electric Utilities: Central,https://www.nasdaq.com/symbol/eix,NA
EW,Edwards Lifesciences Corporation,226.29,47061354567.51,n/a,n/a,Health Care,Industrial Specialties,https://www.nasdaq.com/symbol/ew,NA
ELAN,Elanco Animal Health Incorporated,27.35,10201478671.2,n/a,2018,Health Care,Major Pharmaceuticals,https://www.nasdaq.com/symbol/elan,NA
LLY,Eli Lilly and Company,114.05,110107628175.6,n/a,n/a,Health Care,Major Pharmaceuticals,https://www.nasdaq.com/symbol/lly,NA
EMR,Emerson Electric Company,62.25,38290066009.5,n/a,n/a,Energy,Consumer Electronics/Appliances,https://www.nasdaq.com/symbol/emr,NA
ENB,Enbridge Inc,34.34,69498983279.34,n/a,n/a,Energy,Natural Gas Distribution,https://www.nasdaq.com/symbol/enb,NA
ENIA,Enel Americas S.A.,8.42,12597187386.3,n/a,n/a,Public Utilities,Electric Utilities: Central,https://www.nasdaq.com/symbol/enia,NA
ET,Energy Transfer L.P.,13.37,35072665239.78,n/a,1996,Public Utilities,Natural Gas Distribution,https://www.nasdaq.com/symbol/et,NA
E,ENI S.p.A.,30.33,55112420529.45,n/a,n/a,Energy,Oil & Gas Production,https://www.nasdaq.com/symbol/e,NA
ETR,Entergy Corporation,113.55,22577118226.05,n/a,n/a,Public Utilities,Electric Utilities: Central,https://www.nasdaq.com/symbol/etr,NA
EPD,Enterprise Products Partners L.P.,28.36,62080209536.08,n/a,n/a,Public Utilities,Natural Gas Distribution,https://www.nasdaq.com/symbol/epd,NA
EOG,"EOG Resources, Inc.",76.44,44385884382.84,n/a,n/a,Energy,Oil & Gas Production,https://www.nasdaq.com/symbol/eog,NA
EPAM,"EPAM Systems, Inc.",192.89,10580072245.21,n/a,2012,Technology,EDP Services,https://www.nasdaq.com/symbol/epam,NA
EFX,"Equifax, Inc.",146.76,17740984124.04,n/a,n/a,Finance,Finance: Consumer Services,https://www.nasdaq.com/symbol/efx,NA
EQNR,Equinor ASA,18.25,60767806337.25,n/a,n/a,Energy,Integrated oil Companies,https://www.nasdaq.com/symbol/eqnr,NA
ELS,"Equity Lifestyle Properties, Inc.",135.24,12311423824.56,n/a,n/a,Consumer Services,Real Estate Investment Trusts,https://www.nasdaq.com/symbol/els,NA
EQR,Equity Residential,86.85,32208558558.3,n/a,n/a,Consumer Services,Real Estate Investment Trusts,https://www.nasdaq.com/symbol/eqr,NA
ESS,"Essex Property Trust, Inc.",327.06,21602346033.06,n/a,1994,Consumer Services,Real Estate Investment Trusts,https://www.nasdaq.com/symbol/ess,NA
EL,"Estee Lauder Companies, Inc. (The)",207.03,74687383620.99,n/a,1995,Consumer Non-Durables,Package Goods/Cosmetics,https://www.nasdaq.com/symbol/el,NA
RE,"Everest Re Group, Ltd.",249,10144311045,n/a,n/a,Finance,Property-Casualty Insurers,https://www.nasdaq.com/symbol/re,NA
EVRG,"Evergy, Inc.",63.96,15060500276.64,n/a,2018,Public Utilities,Power Generation,https://www.nasdaq.com/symbol/evrg,NA
ES,Eversource Energy,82.35,26648628405.75,n/a,n/a,Public Utilities,Electric Utilities: Central,https://www.nasdaq.com/symbol/es,NA
EXC,Exelon Corporation,48.12,46752645947.52,n/a,n/a,Public Utilities,Power Generation,https://www.nasdaq.com/symbol/exc,NA
EXR,Extra Space Storage Inc,119.74,15388618874.56,n/a,2004,Consumer Services,Real Estate Investment Trusts,https://www.nasdaq.com/symbol/exr,NA
XOM,Exxon Mobil Corporation,70.93,300112369433.42,n/a,n/a,Energy,Integrated oil Companies,https://www.nasdaq.com/symbol/xom,NA
FDS,FactSet Research Systems Inc.,275.62,10544104112.14,n/a,1996,Technology,"Computer Software: Programming, Data Processing",https://www.nasdaq.com/symbol/fds,NA
FICO,Fair Isaac Corporation,369.4,10674380029,n/a,n/a,Miscellaneous,Business Services,https://www.nasdaq.com/symbol/fico,NA
FRT,Federal Realty Investment Trust,134.23,10061137434.26,n/a,n/a,Consumer Services,Real Estate Investment Trusts,https://www.nasdaq.com/symbol/frt,NA
FDX,FedEx Corporation,161.87,42226436398.24,n/a,n/a,Transportation,Air Freight/Delivery Services,https://www.nasdaq.com/symbol/fdx,NA
RACE,Ferrari N.V.,163.11,40822734970.08,n/a,2015,Capital Goods,Auto Manufacturing,https://www.nasdaq.com/symbol/race,NA
FCAU,Fiat Chrysler Automobiles N.V.,13.88,27431325000.6,n/a,2014,Capital Goods,Auto Manufacturing,https://www.nasdaq.com/symbol/fcau,NA
FNF,"Fidelity National Financial, Inc.",44.58,12233489799,n/a,2014,Finance,Specialty Insurers,https://www.nasdaq.com/symbol/fnf,NA
FIS,"Fidelity National Information Services, Inc.",137.67,84452873889.93,n/a,n/a,Miscellaneous,Business Services,https://www.nasdaq.com/symbol/fis,NA
FE,FirstEnergy Corp.,46.68,25206587605.08,n/a,n/a,Public Utilities,Electric Utilities: Central,https://www.nasdaq.com/symbol/fe,NA
FLT,"FleetCor Technologies, Inc.",302.64,26198915611.44,n/a,2010,Miscellaneous,Business Services,https://www.nasdaq.com/symbol/flt,NA
FMC,FMC Corporation,87.4,11399811337.6,n/a,n/a,Basic Industries,Major Chemicals,https://www.nasdaq.com/symbol/fmc,NA
FMX,Fomento Economico Mexicano S.A.B. de C.V.,93.45,167192622465.75,n/a,n/a,Consumer Non-Durables,Beverages (Production/Distribution),https://www.nasdaq.com/symbol/fmx,NA
F,Ford Motor Company,9.34,37265136431.34,n/a,n/a,Capital Goods,Auto Manufacturing,https://www.nasdaq.com/symbol/f,NA
FTS,Fortis Inc.,42.21,18397112717.97,n/a,2016,Public Utilities,Electric Utilities: Central,https://www.nasdaq.com/symbol/fts,NA
FTV,Fortive Corporation,68.47,22973961079.74,n/a,2016,Capital Goods,Industrial Machinery/Components,https://www.nasdaq.com/symbol/ftv,NA
FNV,Franco-Nevada Corporation,96.53,18072339456.78,n/a,n/a,Basic Industries,Precious Metals,https://www.nasdaq.com/symbol/fnv,NA
BEN,"Franklin Resources, Inc.",26.92,13558704414.36,n/a,n/a,Finance,Investment Managers,https://www.nasdaq.com/symbol/ben,NA
FCX,"Freeport-McMoran, Inc.",9.42,13667389207.08,n/a,n/a,Basic Industries,Precious Metals,https://www.nasdaq.com/symbol/fcx,NA
FMS,Fresenius Medical Care Corporation,34.26,20750026371,n/a,n/a,Health Care,Misc Health and Biotechnology Services,https://www.nasdaq.com/symbol/fms,NA
IT,"Gartner, Inc.",137.19,12365923839.9,n/a,1993,Consumer Services,Other Consumer Services,https://www.nasdaq.com/symbol/it,NA
GD,General Dynamics Corporation,192.67,55651596600.4,n/a,n/a,Capital Goods,Marine Transportation,https://www.nasdaq.com/symbol/gd,NA
GE,General Electric Company,8.71,76012797120,n/a,n/a,Energy,Consumer Electronics/Appliances,https://www.nasdaq.com/symbol/ge,NA
GIS,"General Mills, Inc.",54.96,33167850795.6,n/a,n/a,Consumer Non-Durables,Packaged Foods,https://www.nasdaq.com/symbol/gis,NA
GM,General Motors Company,38.78,56296050657.84,n/a,2010,Capital Goods,Auto Manufacturing,https://www.nasdaq.com/symbol/gm,NA
GPC,Genuine Parts Company,94.33,13779572547.77,n/a,n/a,Capital Goods,Automotive Aftermarket,https://www.nasdaq.com/symbol/gpc,NA
GSK,GlaxoSmithKline PLC,42.09,104981378534.28,n/a,n/a,Health Care,Major Pharmaceuticals,https://www.nasdaq.com/symbol/gsk,NA
GPN,Global Payments Inc.,174.37,27319960471.37,n/a,n/a,Miscellaneous,Business Services,https://www.nasdaq.com/symbol/gpn,NA
GL,Globe Life Inc.,91.68,10002469526.4,n/a,n/a,Finance,Life Insurance,https://www.nasdaq.com/symbol/gl,NA
GDDY,GoDaddy Inc.,64.53,11519655161.22,n/a,2015,Technology,EDP Services,https://www.nasdaq.com/symbol/gddy,NA
GS,"Goldman Sachs Group, Inc. (The)",207.21,74505156564.78,n/a,1999,Finance,Investment Bankers/Brokers/Service,https://www.nasdaq.com/symbol/gs,NA
HAL,Halliburton Company,19.09,16721546862.49,n/a,n/a,Energy,Oilfield Services/Equipment,https://www.nasdaq.com/symbol/hal,NA
HIG,"Hartford Financial Services Group, Inc. (The)",60.32,21810589686.08,n/a,n/a,Finance,Property-Casualty Insurers,https://www.nasdaq.com/symbol/hig,NA
HCA,"HCA Healthcare, Inc.",126.1,42997931080,n/a,2011,Health Care,Hospital/Nursing Management,https://www.nasdaq.com/symbol/hca,NA
HCP,"HCP, Inc.",35.58,17473704474,n/a,n/a,Consumer Services,Real Estate Investment Trusts,https://www.nasdaq.com/symbol/hcp,NA
HDB,HDFC Bank Limited,104.31,95070570681.6,n/a,2001,Finance,Commercial Banks,https://www.nasdaq.com/symbol/hdb,NA
HEI,Heico Corporation,142.86,19157526000,n/a,n/a,Capital Goods,Aerospace,https://www.nasdaq.com/symbol/hei,NA
HSY,Hershey Company (The),158.98,33318856383.64,n/a,n/a,Consumer Non-Durables,Specialty Foods,https://www.nasdaq.com/symbol/hsy,NA
HES,Hess Corporation,64.04,19498936983.6,n/a,n/a,Energy,Integrated oil Companies,https://www.nasdaq.com/symbol/hes,NA
HPE,Hewlett Packard Enterprise Company,14.57,19086700000,n/a,2015,Technology,Computer Manufacturing,https://www.nasdaq.com/symbol/hpe,NA
HLT,Hilton Worldwide Holdings Inc.,93.74,26889743548.46,n/a,2016,Consumer Services,Hotels/Resorts,https://www.nasdaq.com/symbol/hlt,NA
HD,"Home Depot, Inc. (The)",231.13,253122729762.49,n/a,n/a,Consumer Services,RETAIL: Building Materials,https://www.nasdaq.com/symbol/hd,NA
HMC,"Honda Motor Company, Ltd.",25.22,44376138129.7,n/a,n/a,Capital Goods,Auto Manufacturing,https://www.nasdaq.com/symbol/hmc,NA
HON,Honeywell International Inc.,171.16,123150996639.88,n/a,n/a,Capital Goods,Aerospace,https://www.nasdaq.com/symbol/hon,NA
HRL,Hormel Foods Corporation,42.6,22741777276.2,n/a,n/a,Consumer Non-Durables,Meat/Poultry/Fish,https://www.nasdaq.com/symbol/hrl,NA
HST,"Host Hotels & Resorts, Inc.",16.66,12160193592.82,n/a,n/a,Consumer Services,Real Estate Investment Trusts,https://www.nasdaq.com/symbol/hst,NA
HPQ,HP Inc.,19.1,28770172119.4,n/a,n/a,Technology,Computer Manufacturing,https://www.nasdaq.com/symbol/hpq,NA
HSBC,HSBC Holdings plc,36.9,149148323446.5,n/a,n/a,Finance,Savings Institutions,https://www.nasdaq.com/symbol/hsbc,NA
HUM,Humana Inc.,273.51,36948271707.9,n/a,n/a,Health Care,Medical Specialities,https://www.nasdaq.com/symbol/hum,NA
IBN,ICICI Bank Limited,10.86,35054947975.32,n/a,n/a,Finance,Commercial Banks,https://www.nasdaq.com/symbol/ibn,NA
IEX,IDEX Corporation,168.85,12806794147.95,n/a,1989,Capital Goods,Fluid Controls,https://www.nasdaq.com/symbol/iex,NA
INFO,IHS Markit Ltd.,67.91,27235601655.51,n/a,1996,Technology,"Computer Software: Programming, Data Processing",https://www.nasdaq.com/symbol/info,NA
ITW,Illinois Tool Works Inc.,152.49,49327184618.4,n/a,n/a,Technology,Industrial Machinery/Components,https://www.nasdaq.com/symbol/itw,NA
INFY,Infosys Limited,11.81,50051183925.62,n/a,n/a,Technology,EDP Services,https://www.nasdaq.com/symbol/infy,NA
ING,"ING Group, N.V.",10,38956819610,n/a,1997,Finance,Commercial Banks,https://www.nasdaq.com/symbol/ing,NA
IR,Ingersoll-Rand plc (Ireland),121.6,29375725625.6,n/a,n/a,Capital Goods,Auto Parts:O.E.M.,https://www.nasdaq.com/symbol/ir,NA
ICE,Intercontinental Exchange Inc.,94.89,53177756101.95,n/a,2005,Finance,Investment Bankers/Brokers/Service,https://www.nasdaq.com/symbol/ice,NA
IHG,Intercontinental Hotels Group,63.1,11486300788.3,n/a,n/a,Consumer Services,Hotels/Resorts,https://www.nasdaq.com/symbol/ihg,NA
IBM,International Business Machines Corporation,140.57,124527471381.77,n/a,n/a,Technology,Computer Manufacturing,https://www.nasdaq.com/symbol/ibm,NA
IFF,"International Flavors & Fragrances, Inc.",117.86,12584495253.42,n/a,n/a,Basic Industries,Major Chemicals,https://www.nasdaq.com/symbol/iff,NA
IP,International Paper Company,39.43,15489537635.37,n/a,n/a,Basic Industries,Paper,https://www.nasdaq.com/symbol/ip,NA
INVH,Invitation Homes Inc.,28.78,15474453740.58,n/a,2017,Finance,Real Estate,https://www.nasdaq.com/symbol/invh,NA
IQV,"IQVIA Holdings, Inc.",154.07,30181465769.07,n/a,2013,Health Care,Biotechnology: Commercial Physical & Biological Resarch,https://www.nasdaq.com/symbol/iqv,NA
ITUB,Itau Unibanco Banco Holding SA,8.58,83602133120.22,n/a,n/a,Finance,Major Banks,https://www.nasdaq.com/symbol/itub,NA
JPM,J P Morgan Chase & Co,112.61,360068784611.29,n/a,n/a,Finance,Major Banks,https://www.nasdaq.com/symbol/jpm,NA
SJM,J.M. Smucker Company (The),105.21,11998963461.87,n/a,n/a,Consumer Non-Durables,Packaged Foods,https://www.nasdaq.com/symbol/sjm,NA
JEC,Jacobs Engineering Group Inc.,92.32,12509185792.16,n/a,n/a,Basic Industries,Military/Government/Technical,https://www.nasdaq.com/symbol/jec,NA
JNJ,Johnson & Johnson,128.21,338367412216.67,n/a,n/a,Health Care,Major Pharmaceuticals,https://www.nasdaq.com/symbol/jnj,NA
JCI,Johnson Controls International plc,42.82,34072155070.48,n/a,n/a,Consumer Services,Other Consumer Services,https://www.nasdaq.com/symbol/jci,NA
KSU,Kansas City Southern,128.91,12879892598.76,n/a,n/a,Transportation,Railroads,https://www.nasdaq.com/symbol/ksu,NA
KB,KB Financial Group Inc,33.78,13161847836.3,n/a,n/a,Finance,Commercial Banks,https://www.nasdaq.com/symbol/kb,NA
K,Kellogg Company,64.22,21875382159.28,n/a,n/a,Consumer Non-Durables,Packaged Foods,https://www.nasdaq.com/symbol/k,NA
KDP,Keurig Dr Pepper Inc.,26.86,37785282061.56,n/a,n/a,Consumer Non-Durables,Beverages (Production/Distribution),https://www.nasdaq.com/symbol/kdp,NA
KEY,KeyCorp,16.8,16854747856.8,n/a,n/a,Finance,Major Banks,https://www.nasdaq.com/symbol/key,NA
KEYS,Keysight Technologies Inc.,98.05,18413790000,n/a,2014,Capital Goods,Industrial Machinery/Components,https://www.nasdaq.com/symbol/keys,NA
KMB,Kimberly-Clark Corporation,138.05,47508012487.65,n/a,n/a,Consumer Durables,Containers/Packaging,https://www.nasdaq.com/symbol/kmb,NA
KMI,"Kinder Morgan, Inc.",20.41,46204263029.86,n/a,2011,Public Utilities,Natural Gas Distribution,https://www.nasdaq.com/symbol/kmi,NA
KKR,KKR & Co. Inc.,26.82,22598132837.94,n/a,n/a,Finance,Investment Managers,https://www.nasdaq.com/symbol/kkr,NA
PHG,Koninklijke Philips N.V.,47.34,42855722145.18,n/a,n/a,Energy,Consumer Electronics/Appliances,https://www.nasdaq.com/symbol/phg,NA
KEP,Korea Electric Power Corporation,10.49,13468406335.46,n/a,1994,Public Utilities,Electric Utilities: Central,https://www.nasdaq.com/symbol/kep,NA
KR,Kroger Company (The),24.7,19730324604.9,n/a,n/a,Consumer Services,Food Chains,https://www.nasdaq.com/symbol/kr,NA
LHX,"L3Harris Technologies, Inc.",214.7,47938398280.3,n/a,n/a,Capital Goods,Industrial Machinery/Components,https://www.nasdaq.com/symbol/lhx,NA
LH,Laboratory Corporation of America Holdings,172.93,16895261000,n/a,n/a,Health Care,Medical Specialities,https://www.nasdaq.com/symbol/lh,NA
LW,"Lamb Weston Holdings, Inc.",71.22,10374920085,n/a,2016,Consumer Non-Durables,Packaged Foods,https://www.nasdaq.com/symbol/lw,NA
LVS,Las Vegas Sands Corp.,56.19,43254418287.36,n/a,2004,Consumer Services,Hotels/Resorts,https://www.nasdaq.com/symbol/lvs,NA
LDOS,"Leidos Holdings, Inc.",87.62,12600440837.92,n/a,n/a,Technology,EDP Services,https://www.nasdaq.com/symbol/ldos,NA
LEN,Lennar Corporation,52,16751611760,n/a,n/a,Basic Industries,Homebuilding,https://www.nasdaq.com/symbol/len,NA
LNC,Lincoln National Corporation,55.2,11050636488,n/a,n/a,Finance,Life Insurance,https://www.nasdaq.com/symbol/lnc,NA
LIN,Linde plc,189.52,102452899184.8,n/a,2018,Basic Industries,Major Chemicals,https://www.nasdaq.com/symbol/lin,NA
LYV,"Live Nation Entertainment, Inc.",71.37,15212323015.11,n/a,n/a,Consumer Services,Services-Misc. Amusement & Recreation,https://www.nasdaq.com/symbol/lyv,NA
LYG,Lloyds Banking Group Plc,2.44,42805516204.24,n/a,n/a,Finance,Commercial Banks,https://www.nasdaq.com/symbol/lyg,NA
LMT,Lockheed Martin Corporation,386.56,109163577986.56,n/a,n/a,Capital Goods,Military/Government/Technical,https://www.nasdaq.com/symbol/lmt,NA
L,Loews Corporation,49.28,14901288272.64,n/a,n/a,Finance,Property-Casualty Insurers,https://www.nasdaq.com/symbol/l,NA
LOW,"Lowe&#39;s Companies, Inc.",114.71,89014960000,n/a,n/a,Consumer Services,RETAIL: Building Materials,https://www.nasdaq.com/symbol/low,NA
LYB,LyondellBasell Industries NV,78.05,26165928602.1,n/a,n/a,Basic Industries,Major Chemicals,https://www.nasdaq.com/symbol/lyb,NA
MTB,M&T Bank Corporation,146.44,19574148472.76,n/a,n/a,Finance,Major Banks,https://www.nasdaq.com/symbol/mtb,NA
MMP,Magellan Midstream Partners L.P.,65.04,14855358957.12,n/a,n/a,Energy,Natural Gas Distribution,https://www.nasdaq.com/symbol/mmp,NA
MGA,"Magna International, Inc.",51.8,16175087114.2,n/a,n/a,Capital Goods,Auto Parts:O.E.M.,https://www.nasdaq.com/symbol/mga,NA
MFC,Manulife Financial Corp,17.21,33686682450.72,n/a,n/a,Finance,Life Insurance,https://www.nasdaq.com/symbol/mfc,NA
MRO,Marathon Oil Corporation,12.45,10010324779.95,n/a,n/a,Energy,Oil & Gas Production,https://www.nasdaq.com/symbol/mro,NA
MPC,Marathon Petroleum Corporation,52.47,34542014930.28,n/a,n/a,Energy,Integrated oil Companies,https://www.nasdaq.com/symbol/mpc,NA
MKL,Markel Corporation,1160.18,16036959307.6,n/a,1986,Finance,Property-Casualty Insurers,https://www.nasdaq.com/symbol/mkl,NA
MMC,"Marsh & McLennan Companies, Inc.",100.91,51091862182.9,n/a,n/a,Finance,Specialty Insurers,https://www.nasdaq.com/symbol/mmc,NA
MLM,"Martin Marietta Materials, Inc.",258.03,16111269861.66,n/a,1994,Basic Industries,Mining & Quarrying of Nonmetallic Minerals (No Fuels),https://www.nasdaq.com/symbol/mlm,NA
MAS,Masco Corporation,41.75,12084788250.5,n/a,n/a,Basic Industries,Forest Products,https://www.nasdaq.com/symbol/mas,NA
MA,Mastercard Incorporated,291.38,295622337494.46,n/a,2006,Miscellaneous,Business Services,https://www.nasdaq.com/symbol/ma,NA
MKC,"McCormick & Company, Incorporated",164.98,21864170991.18,n/a,n/a,Consumer Non-Durables,Packaged Foods,https://www.nasdaq.com/symbol/mkc,NA
MCD,McDonald&#39;s Corporation,220.03,167100501605.22,n/a,n/a,Consumer Services,Restaurants,https://www.nasdaq.com/symbol/mcd,NA
MCK,McKesson Corporation,143.6,26552232350,n/a,n/a,Health Care,Other Pharmaceuticals,https://www.nasdaq.com/symbol/mck,NA
MDT,Medtronic plc,108.69,145826054802.99,n/a,n/a,Health Care,Biotechnology: Electromedical & Electrotherapeutic Apparatus,https://www.nasdaq.com/symbol/mdt,NA
MRK,"Merck & Company, Inc.",86.57,221651632844.51,n/a,n/a,Health Care,Major Pharmaceuticals,https://www.nasdaq.com/symbol/mrk,NA
MET,"MetLife, Inc.",46.23,43291972178.16,n/a,2000,Finance,Life Insurance,https://www.nasdaq.com/symbol/met,NA
MTD,"Mettler-Toledo International, Inc.",684.98,16856831735.36,n/a,1997,Capital Goods,Biotechnology: Laboratory Analytical Instruments,https://www.nasdaq.com/symbol/mtd,NA
MGM,MGM Resorts International,28.3,14756374336.5,n/a,n/a,Consumer Services,Hotels/Resorts,https://www.nasdaq.com/symbol/mgm,NA
MAA,"Mid-America Apartment Communities, Inc.",128.82,14691211072.98,n/a,1994,Consumer Services,Real Estate Investment Trusts,https://www.nasdaq.com/symbol/maa,NA
MUFG,Mitsubishi UFJ Financial Group Inc,4.89,63191183964.12,n/a,n/a,Finance,Commercial Banks,https://www.nasdaq.com/symbol/mufg,NA
MFG,"Mizuho Financial Group, Inc.",2.99,37916158730.58,n/a,n/a,Finance,Major Banks,https://www.nasdaq.com/symbol/mfg,NA
TAP,Molson Coors Brewing  Company,53.42,11557709795.02,n/a,n/a,Consumer Non-Durables,Beverages (Production/Distribution),https://www.nasdaq.com/symbol/tap,NA
MCO,Moody&#39;s Corporation,220.54,41726168000,n/a,n/a,Finance,Finance: Consumer Services,https://www.nasdaq.com/symbol/mco,NA
MS,Morgan Stanley,42.18,69713751245.22,n/a,n/a,Finance,Investment Bankers/Brokers/Service,https://www.nasdaq.com/symbol/ms,NA
MSI,"Motorola Solutions, Inc.",174.8,28939106119.6,n/a,n/a,Technology,Radio And Television Broadcasting And Communications Equipment,https://www.nasdaq.com/symbol/msi,NA
MPLX,MPLX LP,28.39,30013574559.45,n/a,2012,Energy,Natural Gas Distribution,https://www.nasdaq.com/symbol/mplx,NA
MSCI,MSCI Inc,241.27,20435238460.1,n/a,n/a,Miscellaneous,Business Services,https://www.nasdaq.com/symbol/msci,NA
NGG,"National Grid Transco, PLC",51.7,35987714237.2,n/a,n/a,Public Utilities,Natural Gas Distribution,https://www.nasdaq.com/symbol/ngg,NA
EDU,"New Oriental Education & Technology Group, Inc.",113.2,17921813812,n/a,2006,Consumer Services,Other Consumer Services,https://www.nasdaq.com/symbol/edu,NA
NEM,Newmont Goldcorp Corporation,38.66,31804320910.8,n/a,n/a,Basic Industries,Precious Metals,https://www.nasdaq.com/symbol/nem,NA
NEE,"NextEra Energy, Inc.",220.14,105469635136.86,n/a,n/a,Public Utilities,Electric Utilities: Central,https://www.nasdaq.com/symbol/nee,NA
NKE,"Nike, Inc.",88.69,138967329801.37,n/a,n/a,Consumer Non-Durables,Shoe Manufacturing,https://www.nasdaq.com/symbol/nke,NA
NI,"NiSource, Inc",29.33,10950274461.21,n/a,n/a,Public Utilities,Power Generation,https://www.nasdaq.com/symbol/ni,NA
NBL,Noble Energy Inc.,22.71,10861128377.91,n/a,n/a,Energy,Oil & Gas Production,https://www.nasdaq.com/symbol/nbl,NA
NOK,Nokia Corporation,5.01,28049537100,n/a,1994,Technology,Radio And Television Broadcasting And Communications Equipment,https://www.nasdaq.com/symbol/nok,NA
NMR,Nomura Holdings Inc ADR,4.15,13800582179.35,n/a,n/a,Finance,Investment Bankers/Brokers/Service,https://www.nasdaq.com/symbol/nmr,NA
NSC,Norfolk Southern Corporation,175.06,46111989681.38,n/a,n/a,Transportation,Railroads,https://www.nasdaq.com/symbol/nsc,NA
NOC,Northrop Grumman Corporation,367.77,62226011716.44,n/a,n/a,Capital Goods,Industrial Machinery/Components,https://www.nasdaq.com/symbol/noc,NA
NCLH,Norwegian Cruise Line Holdings Ltd.,52.12,11236932526.88,n/a,n/a,Consumer Services,Marine Transportation,https://www.nasdaq.com/symbol/nclh,NA
NVS,Novartis AG,89.71,205594814895.59,n/a,n/a,Health Care,Major Pharmaceuticals,https://www.nasdaq.com/symbol/nvs,NA
NVO,Novo Nordisk A/S,52.55,124438442355.3,n/a,n/a,Health Care,Major Pharmaceuticals,https://www.nasdaq.com/symbol/nvo,NA
NUE,Nucor Corporation,50.16,15206378946,n/a,n/a,Basic Industries,Steel/Iron Ore,https://www.nasdaq.com/symbol/nue,NA
NTR,Nutrien Ltd.,51.66,29594288556,n/a,2018,Basic Industries,Agricultural Chemicals,https://www.nasdaq.com/symbol/ntr,NA
NVR,"NVR, Inc.",3649.75,13340814383,n/a,n/a,Capital Goods,Homebuilding,https://www.nasdaq.com/symbol/nvr,NA
OXY,Occidental Petroleum Corporation,45.46,40663050616.96,n/a,n/a,Energy,Oil & Gas Production,https://www.nasdaq.com/symbol/oxy,NA
OMC,Omnicom Group Inc.,77.54,16866787000.14,n/a,n/a,Technology,Advertising,https://www.nasdaq.com/symbol/omc,NA
OKE,"ONEOK, Inc.",71.83,29663511408.74,n/a,n/a,Public Utilities,Oil & Gas Production,https://www.nasdaq.com/symbol/oke,NA
ORCL,Oracle Corporation,53.16,177332138040,n/a,1986,Technology,Computer Software: Prepackaged Software,https://www.nasdaq.com/symbol/orcl,NA
ORAN,Orange,15.06,39950610749.88,n/a,n/a,Public Utilities,Telecommunications Equipment,https://www.nasdaq.com/symbol/oran,NA
IX,Orix Corp Ads,75.56,19370336355.64,n/a,n/a,Finance,Diversified Financial Services,https://www.nasdaq.com/symbol/ix,NA
PAGS,PagSeguro Digital Ltd.,51.67,16942096502.97,n/a,2018,Technology,EDP Services,https://www.nasdaq.com/symbol/pags,NA
PANW,"Palo Alto Networks, Inc.",215.92,20722920488.56,n/a,2012,Technology,Computer peripheral equipment,https://www.nasdaq.com/symbol/panw,NA
PH,Parker-Hannifin Corporation,173.49,22283367708.51,n/a,n/a,Capital Goods,Metal Fabrications,https://www.nasdaq.com/symbol/ph,NA
PAYC,"Paycom Software, Inc.",249.62,14582966147.68,n/a,2014,Technology,Computer Software: Prepackaged Software,https://www.nasdaq.com/symbol/payc,NA
PBA,Pembina Pipeline Corp.,37.02,18920028004.02,n/a,n/a,Energy,Oil & Gas Production,https://www.nasdaq.com/symbol/pba,NA
PTR,PetroChina Company Limited,50.91,93175979797.98,n/a,n/a,Energy,Oil & Gas Production,https://www.nasdaq.com/symbol/ptr,NA
PBR,Petroleo Brasileiro S.A.- Petrobras,14.3,93266039009,n/a,n/a,Energy,Oil & Gas Production,https://www.nasdaq.com/symbol/pbr,NA
PFE,"Pfizer, Inc.",36.5,201883264884.5,n/a,n/a,Health Care,Major Pharmaceuticals,https://www.nasdaq.com/symbol/pfe,NA
PM,Philip Morris International Inc,72.97,113529634000.44,n/a,n/a,Consumer Non-Durables,Farming/Seeds/Milling,https://www.nasdaq.com/symbol/pm,NA
PSX,Phillips 66,100.91,45262342644.27,n/a,n/a,Energy,Integrated oil Companies,https://www.nasdaq.com/symbol/psx,NA
PSXP,Phillips 66 Partners LP,54.49,12311384669.27,n/a,2013,Energy,Natural Gas Distribution,https://www.nasdaq.com/symbol/psxp,NA
PNW,Pinnacle West Capital Corporation,93.81,10535224543.74,n/a,n/a,Public Utilities,Electric Utilities: Central,https://www.nasdaq.com/symbol/pnw,NA
PINS,"Pinterest, Inc.",30.36,16476688411.92,n/a,2019,Technology,"Computer Software: Programming, Data Processing",https://www.nasdaq.com/symbol/pins,NA
PXD,Pioneer Natural Resources Company,128.87,21539799340.36,n/a,n/a,Energy,Oil & Gas Production,https://www.nasdaq.com/symbol/pxd,NA
PAA,"Plains All American Pipeline, L.P.",21.05,15312288229.95,n/a,1998,Energy,Natural Gas Distribution,https://www.nasdaq.com/symbol/paa,NA
PNC,"PNC Financial Services Group, Inc. (The)",131.72,58649239394.88,n/a,n/a,Finance,Major Banks,https://www.nasdaq.com/symbol/pnc,NA
PKX,POSCO,45.16,15749429874.4,n/a,1994,Basic Industries,Steel/Iron Ore,https://www.nasdaq.com/symbol/pkx,NA
PPG,"PPG Industries, Inc.",115.78,27357990688.42,n/a,n/a,Basic Industries,Paints/Coatings,https://www.nasdaq.com/symbol/ppg,NA
PPL,PPL Corporation,29.79,21515747156.37,n/a,n/a,Public Utilities,Electric Utilities: Central,https://www.nasdaq.com/symbol/ppl,NA
PG,Procter & Gamble Company (The),122.87,307498531454.4,n/a,n/a,Basic Industries,Package Goods/Cosmetics,https://www.nasdaq.com/symbol/pg,NA
PGR,Progressive Corporation (The),77.39,45245872501.48,n/a,n/a,Finance,Property-Casualty Insurers,https://www.nasdaq.com/symbol/pgr,NA
PLD,"Prologis, Inc.",84.79,53513427910,n/a,n/a,Consumer Services,Real Estate Investment Trusts,https://www.nasdaq.com/symbol/pld,NA
PRU,"Prudential Financial, Inc.",82.17,33032340000,n/a,2001,Finance,Life Insurance,https://www.nasdaq.com/symbol/pru,NA
PUK,Prudential Public Limited Company,34.47,44807695119.81,n/a,n/a,Finance,Life Insurance,https://www.nasdaq.com/symbol/puk,NA
TLK,"PT Telekomunikasi Indonesia, Tbk",29.94,29659227650.04,n/a,n/a,Public Utilities,Telecommunications Equipment,https://www.nasdaq.com/symbol/tlk,NA
PEG,Public Service Enterprise Group Incorporated,60.42,30550553825.64,n/a,n/a,Public Utilities,Power Generation,https://www.nasdaq.com/symbol/peg,NA
PSA,Public Storage,257.5,44958921397.5,n/a,n/a,Consumer Services,Real Estate Investment Trusts,https://www.nasdaq.com/symbol/psa,NA
DGX,Quest Diagnostics Incorporated,104.21,14033965910.5,n/a,n/a,Health Care,Medical Specialities,https://www.nasdaq.com/symbol/dgx,NA
RJF,"Raymond James Financial, Inc.",80.56,11185207869.76,n/a,n/a,Finance,Investment Bankers/Brokers/Service,https://www.nasdaq.com/symbol/rjf,NA
RTN,Raytheon Company,190.46,53049585640,n/a,n/a,Capital Goods,Industrial Machinery/Components,https://www.nasdaq.com/symbol/rtn,NA
O,Realty Income Corporation,75.95,24169401713.8,n/a,n/a,Consumer Services,Real Estate Investment Trusts,https://www.nasdaq.com/symbol/o,NA
RF,Regions Financial Corporation,14.85,14816919219.3,n/a,n/a,Finance,Major Banks,https://www.nasdaq.com/symbol/rf,NA
RELX,RELX PLC,24.24,47125648685.04,n/a,2015,Consumer Services,Publishing,https://www.nasdaq.com/symbol/relx,NA
RSG,"Republic Services, Inc.",88.88,28508373055.36,n/a,1998,Public Utilities,Environmental Services,https://www.nasdaq.com/symbol/rsg,NA
RMD,ResMed Inc.,140.3,20157049016.5,n/a,n/a,Health Care,Medical/Dental Instruments,https://www.nasdaq.com/symbol/rmd,NA
QSR,Restaurant Brands International Inc.,75.55,19352909002.9,n/a,2014,Consumer Services,Restaurants,https://www.nasdaq.com/symbol/qsr,NA
RNG,"Ringcentral, Inc.",135.61,11251526712.62,n/a,2013,Technology,EDP Services,https://www.nasdaq.com/symbol/rng,NA
RIO,Rio Tinto Plc,52.16,88107093481.92,n/a,2002,Basic Industries,Precious Metals,https://www.nasdaq.com/symbol/rio,NA
ROK,"Rockwell Automation, Inc.",161.04,18842910345.6,n/a,n/a,Capital Goods,Industrial Machinery/Components,https://www.nasdaq.com/symbol/rok,NA
RCI,"Rogers Communication, Inc.",49.79,19953815206.26,n/a,n/a,Consumer Services,Television Services,https://www.nasdaq.com/symbol/rci,NA
ROL,"Rollins, Inc.",33.92,11108338111.36,n/a,n/a,Finance,Diversified Commercial Services,https://www.nasdaq.com/symbol/rol,NA
ROP,"Roper Technologies, Inc.",374.96,38996522052.24,n/a,1992,Capital Goods,Industrial Machinery/Components,https://www.nasdaq.com/symbol/rop,NA
RY,Royal Bank Of Canada,76.55,109815077391.05,n/a,n/a,Finance,Commercial Banks,https://www.nasdaq.com/symbol/ry,NA
RBS,Royal Bank Scotland plc (The),4.65,28112113390.95,n/a,n/a,Finance,Commercial Banks,https://www.nasdaq.com/symbol/rbs,NA
RCL,Royal Caribbean Cruises Ltd.,108.41,22718515707.11,n/a,1993,Consumer Services,Marine Transportation,https://www.nasdaq.com/symbol/rcl,NA
SPGI,S&P Global Inc.,267.75,65946825000,n/a,n/a,Finance,Finance: Consumer Services,https://www.nasdaq.com/symbol/spgi,NA
CRM,Salesforce.com Inc,151.07,132488390000,n/a,2004,Technology,Computer Software: Prepackaged Software,https://www.nasdaq.com/symbol/crm,NA
SAP,SAP SE,121.94,149803290000,n/a,n/a,Technology,Computer Software: Prepackaged Software,https://www.nasdaq.com/symbol/sap,NA
SSL,Sasol Ltd.,17.82,11243305661.94,n/a,n/a,Energy,Oil & Gas Production,https://www.nasdaq.com/symbol/ssl,NA
SLB,Schlumberger N.V.,34.2,47298773496.6,n/a,n/a,Energy,Oilfield Services/Equipment,https://www.nasdaq.com/symbol/slb,NA
SE,Sea Limited,31.61,13073857056.48,n/a,2017,Consumer Services,Other Consumer Services,https://www.nasdaq.com/symbol/se,NA
SRE,Sempra Energy,142,38986179662,n/a,n/a,Public Utilities,Natural Gas Distribution,https://www.nasdaq.com/symbol/sre,NA
NOW,"ServiceNow, Inc.",263.5,49406250000,n/a,2012,Technology,Computer Software: Prepackaged Software,https://www.nasdaq.com/symbol/now,NA
SHW,Sherwin-Williams Company (The),534.74,49333159529.52,n/a,n/a,Consumer Services,RETAIL: Building Materials,https://www.nasdaq.com/symbol/shw,NA
SHG,Shinhan Financial Group Co Ltd,34.42,15968275232.08,n/a,n/a,Finance,Major Banks,https://www.nasdaq.com/symbol/shg,NA
SHOP,Shopify Inc.,380.42,38149549299.04,n/a,2015,Technology,Computer Software: Prepackaged Software,https://www.nasdaq.com/symbol/shop,NA
SPG,"Simon Property Group, Inc.",151.25,46588258378.75,n/a,n/a,Consumer Services,Real Estate Investment Trusts,https://www.nasdaq.com/symbol/spg,NA
SKM,"SK Telecom Co., Ltd.",22.05,14276844190.35,n/a,n/a,Public Utilities,Telecommunications Equipment,https://www.nasdaq.com/symbol/skm,NA
WORK,"Slack Technologies, Inc.",27.38,13813542228.92,n/a,2019,Consumer Services,Other Consumer Services,https://www.nasdaq.com/symbol/work,NA
SNN,"Smith & Nephew SNATS, Inc.",48.57,21238114968.33,n/a,n/a,Health Care,Industrial Specialties,https://www.nasdaq.com/symbol/snn,NA
SNAP,Snap Inc.,16.62,22923555004.02,n/a,2017,Technology,"Computer Software: Programming, Data Processing",https://www.nasdaq.com/symbol/snap,NA
SNE,Sony Corp Ord,59.2,73750580632,n/a,n/a,Consumer Non-Durables,Consumer Electronics/Appliances,https://www.nasdaq.com/symbol/sne,NA
SO,Southern Company (The),59.68,62379424633.28,n/a,n/a,Public Utilities,Electric Utilities: Central,https://www.nasdaq.com/symbol/so,NA
SCCO,Southern Copper Corporation,33.11,25595979152.59,n/a,n/a,Basic Industries,Precious Metals,https://www.nasdaq.com/symbol/scco,NA
LUV,Southwest Airlines Company,52.14,28026138465.6,n/a,n/a,Transportation,Air Freight/Delivery Services,https://www.nasdaq.com/symbol/luv,NA
SPOT,Spotify Technology S.A.,136.06,24455502090.26,n/a,2018,Consumer Services,Broadcasting,https://www.nasdaq.com/symbol/spot,NA
S,Sprint Corporation,6.82,27913553816.28,n/a,2013,Public Utilities,Telecommunications Equipment,https://www.nasdaq.com/symbol/s,NA
SQ,"Square, Inc.",62,26482102346,n/a,2015,Technology,Computer Software: Prepackaged Software,https://www.nasdaq.com/symbol/sq,NA
SWK,"Stanley Black & Decker, Inc.",137.83,20914780141.64,n/a,n/a,Capital Goods,Industrial Machinery/Components,https://www.nasdaq.com/symbol/swk,NA
STT,State Street Corporation,51.84,19314521435.52,n/a,n/a,Finance,Major Banks,https://www.nasdaq.com/symbol/stt,NA
STE,STERIS plc,154.49,13083238550.13,n/a,n/a,Health Care,Industrial Specialties,https://www.nasdaq.com/symbol/ste,NA
STM,STMicroelectronics N.V.,19.2,17203606329.6,n/a,n/a,Technology,Semiconductors,https://www.nasdaq.com/symbol/stm,NA
SYK,Stryker Corporation,221.4,82826538589.8,n/a,n/a,Health Care,Medical/Dental Instruments,https://www.nasdaq.com/symbol/syk,NA
SMFG,Sumitomo Mitsui Financial Group Inc,6.57,45013108408.2,n/a,n/a,Finance,Commercial Banks,https://www.nasdaq.com/symbol/smfg,NA
SUI,"Sun Communities, Inc.",149.51,13556202222.23,n/a,1993,Consumer Services,Real Estate Investment Trusts,https://www.nasdaq.com/symbol/sui,NA
SLF,Sun Life Financial Inc.,42.63,25196030468.07,n/a,n/a,Finance,Life Insurance,https://www.nasdaq.com/symbol/slf,NA
SU,Suncor Energy  Inc.,29.71,46217394914.86,n/a,n/a,Energy,Integrated oil Companies,https://www.nasdaq.com/symbol/su,NA
STI,"SunTrust Banks, Inc.",62.9,27923706993.2,n/a,n/a,Finance,Major Banks,https://www.nasdaq.com/symbol/sti,NA
SYF,Synchrony Financial,32.88,21813908383.68,n/a,2014,Finance,Finance: Consumer Services,https://www.nasdaq.com/symbol/syf,NA
SYY,Sysco Corporation,75.71,38852626581.66,n/a,n/a,Consumer Non-Durables,Food Distributors,https://www.nasdaq.com/symbol/syy,NA
TSM,Taiwan Semiconductor Manufacturing Company Ltd.,43.71,226683381960,n/a,1997,Technology,Semiconductors,https://www.nasdaq.com/symbol/tsm,NA
TAK,Takeda Pharmaceutical Company Limited,17.24,54352786187.84,n/a,2018,Health Care,Major Pharmaceuticals,https://www.nasdaq.com/symbol/tak,NA
TAL,TAL Education Group,35.6,21045695360.8,n/a,n/a,Consumer Services,Other Consumer Services,https://www.nasdaq.com/symbol/tal,NA
TGT,Target Corporation,109.85,56170190943.75,n/a,n/a,Consumer Services,Department/Specialty Retail Stores,https://www.nasdaq.com/symbol/tgt,NA
TRP,TC Energy Corporation,51.06,47628124592.94,n/a,n/a,Public Utilities,Natural Gas Distribution,https://www.nasdaq.com/symbol/trp,NA
TEL,TE Connectivity Ltd.,94.85,31863459221.3,n/a,n/a,Technology,Electronic Components,https://www.nasdaq.com/symbol/tel,NA
FTI,TechnipFMC plc,25.18,11242434209.74,n/a,n/a,Energy,Metal Fabrications,https://www.nasdaq.com/symbol/fti,NA
TDY,Teledyne Technologies Incorporated,318.02,11569334173.32,n/a,n/a,Capital Goods,Industrial Machinery/Components,https://www.nasdaq.com/symbol/tdy,NA
TFX,Teleflex Incorporated,356.17,16466752759.82,n/a,n/a,Health Care,Medical/Dental Instruments,https://www.nasdaq.com/symbol/tfx,NA
VIV,Telefonica Brasil S.A.,13.4,22628496598.4,n/a,n/a,Public Utilities,Telecommunications Equipment,https://www.nasdaq.com/symbol/viv,NA
TEF,Telefonica SA,7.18,37278560000,n/a,1988,Public Utilities,Telecommunications Equipment,https://www.nasdaq.com/symbol/tef,NA
TU,TELUS Corporation,37.1,22328432322.7,n/a,n/a,Public Utilities,Telecommunications Equipment,https://www.nasdaq.com/symbol/tu,NA
TS,Tenaris S.A.,21.78,12856046078.7,n/a,n/a,Basic Industries,Steel/Iron Ore,https://www.nasdaq.com/symbol/ts,NA
TME,Tencent Music Entertainment Group,12.96,21163592429.28,n/a,2018,Consumer Services,Broadcasting,https://www.nasdaq.com/symbol/tme,NA
TXT,Textron Inc.,46.48,10696143998.4,n/a,n/a,Capital Goods,Aerospace,https://www.nasdaq.com/symbol/txt,NA
AES,The AES Corporation,15.31,10163536794.22,n/a,n/a,Basic Industries,Electric Utilities: Central,https://www.nasdaq.com/symbol/aes,NA
BX,The Blackstone Group Inc.,50.37,60197794411.83,n/a,2007,Finance,Investment Managers,https://www.nasdaq.com/symbol/bx,NA
SCHW,The Charles Schwab Corporation,39.9,52156606168.8,n/a,n/a,Finance,Investment Bankers/Brokers/Service,https://www.nasdaq.com/symbol/schw,NA
COO,"The Cooper Companies, Inc.",302.84,14986870815.68,n/a,n/a,Health Care,Ophthalmic Goods,https://www.nasdaq.com/symbol/coo,NA
TRV,"The Travelers Companies, Inc.",152.84,39797353750.48,n/a,n/a,Finance,Property-Casualty Insurers,https://www.nasdaq.com/symbol/trv,NA
TMO,Thermo Fisher Scientific Inc,295.05,118160368267.2,n/a,n/a,Capital Goods,Industrial Machinery/Components,https://www.nasdaq.com/symbol/tmo,NA
TRI,Thomson Reuters Corp,70.78,35471910933.58,n/a,n/a,Consumer Services,Publishing,https://www.nasdaq.com/symbol/tri,NA
TIF,Tiffany & Co.,88.22,10656858049.86,n/a,1987,Consumer Services,Consumer Specialties,https://www.nasdaq.com/symbol/tif,NA
TJX,"TJX Companies, Inc. (The)",56.14,68079156032.44,n/a,n/a,Consumer Services,Clothing/Shoe/Accessory Stores,https://www.nasdaq.com/symbol/tjx,NA
TD,Toronto Dominion Bank (The),55.29,100618974444.33,n/a,n/a,Finance,Commercial Banks,https://www.nasdaq.com/symbol/td,NA
TOT,Total S.A.,50.52,131158553261.76,n/a,n/a,Energy,Oil & Gas Production,https://www.nasdaq.com/symbol/tot,NA
TSS,"Total System Services, Inc.",141.09,24969699885.54,n/a,n/a,Miscellaneous,Business Services,https://www.nasdaq.com/symbol/tss,NA
TM,Toyota Motor Corp Ltd Ord,132.05,188820548037.1,n/a,n/a,Capital Goods,Auto Manufacturing,https://www.nasdaq.com/symbol/tm,NA
TDG,Transdigm Group Incorporated,533.91,28473105293.1,n/a,2006,Capital Goods,Military/Government/Technical,https://www.nasdaq.com/symbol/tdg,NA
TRU,TransUnion,84.91,15946098000,n/a,2015,Finance,Finance: Consumer Services,https://www.nasdaq.com/symbol/tru,NA
TWLO,Twilio Inc.,123.7,16809295254.1,n/a,2016,Technology,Computer Software: Prepackaged Software,https://www.nasdaq.com/symbol/twlo,NA
TWTR,"Twitter, Inc.",45.42,35110461980.94,n/a,2013,Technology,"Computer Software: Programming, Data Processing",https://www.nasdaq.com/symbol/twtr,NA
TSN,"Tyson Foods, Inc.",86.04,31377606842.88,n/a,n/a,Consumer Non-Durables,Meat/Poultry/Fish,https://www.nasdaq.com/symbol/tsn,NA
USB,U.S. Bancorp,53.41,84164901857.19,n/a,n/a,Finance,Major Banks,https://www.nasdaq.com/symbol/usb,NA
UBER,"Uber Technologies, Inc.",31.86,54162114727.86,n/a,2019,Technology,Computer Software: Prepackaged Software,https://www.nasdaq.com/symbol/uber,NA
UBS,UBS AG,10.88,39820085118.72,n/a,2014,Finance,Major Banks,https://www.nasdaq.com/symbol/ubs,NA
UDR,"UDR, Inc.",48.93,14328775696.2,n/a,n/a,Consumer Services,Real Estate Investment Trusts,https://www.nasdaq.com/symbol/udr,NA
UGI,UGI Corporation,48,10030064928,n/a,n/a,Public Utilities,Natural Gas Distribution,https://www.nasdaq.com/symbol/ugi,NA
UN,Unilever NV,62.69,164003309000,n/a,n/a,Basic Industries,Package Goods/Cosmetics,https://www.nasdaq.com/symbol/un,NA
UL,Unilever PLC,63.87,167866356496.98,n/a,n/a,Basic Industries,Package Goods/Cosmetics,https://www.nasdaq.com/symbol/ul,NA
UNP,Union Pacific Corporation,164.6,115965596850,n/a,n/a,Transportation,Railroads,https://www.nasdaq.com/symbol/unp,NA
UPS,"United Parcel Service, Inc.",120.08,103113293638.16,n/a,1999,Transportation,Trucking Freight/Courier Services,https://www.nasdaq.com/symbol/ups,NA
UTX,United Technologies Corporation,133.69,115351913823.2,n/a,n/a,Capital Goods,Aerospace,https://www.nasdaq.com/symbol/utx,NA
UNH,UnitedHealth Group Incorporated,229,217018859461,n/a,n/a,Health Care,Medical Specialities,https://www.nasdaq.com/symbol/unh,NA
UHS,"Universal Health Services, Inc.",148.26,13119358828.38,n/a,n/a,Health Care,Hospital/Nursing Management,https://www.nasdaq.com/symbol/uhs,NA
VFC,V.F. Corporation,87.61,34884244479.15,n/a,n/a,Consumer Non-Durables,Apparel,https://www.nasdaq.com/symbol/vfc,NA
VALE,VALE S.A.,11.34,58154731556.04,n/a,n/a,Basic Industries,Precious Metals,https://www.nasdaq.com/symbol/vale,NA
VLO,Valero Energy Corporation,78.13,32377340767.2,n/a,n/a,Energy,Integrated oil Companies,https://www.nasdaq.com/symbol/vlo,NA
VEEV,Veeva Systems Inc.,157.33,23169297949.31,n/a,2013,Technology,Computer Software: Prepackaged Software,https://www.nasdaq.com/symbol/veev,NA
VTR,"Ventas, Inc.",75.23,28029533514.83,n/a,n/a,Consumer Services,Real Estate Investment Trusts,https://www.nasdaq.com/symbol/vtr,NA
VZ,Verizon Communications Inc.,59.06,244258269619.54,n/a,n/a,Public Utilities,Telecommunications Equipment,https://www.nasdaq.com/symbol/vz,NA
VICI,VICI Properties Inc.,22.31,10285088145.35,n/a,2018,Consumer Services,Real Estate Investment Trusts,https://www.nasdaq.com/symbol/vici,NA
V,Visa Inc.,185.74,416132459906.64,n/a,n/a,Miscellaneous,Business Services,https://www.nasdaq.com/symbol/v,NA
VST,Vistra Energy Corp.,25.53,12552589991.52,n/a,n/a,Public Utilities,Electric Utilities: Central,https://www.nasdaq.com/symbol/vst,NA
VMW,"Vmware, Inc.",147.17,60265231980,n/a,2007,Technology,Computer Software: Prepackaged Software,https://www.nasdaq.com/symbol/vmw,NA
VNO,Vornado Realty Trust,62.75,11973545242.5,n/a,n/a,Consumer Services,Real Estate Investment Trusts,https://www.nasdaq.com/symbol/vno,NA
VMC,Vulcan Materials Company,145.01,19182916988.56,n/a,n/a,Basic Industries,Mining & Quarrying of Nonmetallic Minerals (No Fuels),https://www.nasdaq.com/symbol/vmc,NA
WPC,W.P. Carey Inc.,90.38,15435730596.46,n/a,n/a,Consumer Services,Real Estate Investment Trusts,https://www.nasdaq.com/symbol/wpc,NA
WRB,W.R. Berkley Corporation,72.22,13229000619.08,n/a,n/a,Finance,Property-Casualty Insurers,https://www.nasdaq.com/symbol/wrb,NA
GWW,"W.W. Grainger, Inc.",278.22,15182782849.02,n/a,n/a,Consumer Services,Office Equipment/Supplies/Services,https://www.nasdaq.com/symbol/gww,NA
WMT,Walmart Inc.,114.73,327522270778.01,n/a,n/a,Consumer Services,Department/Specialty Retail Stores,https://www.nasdaq.com/symbol/wmt,NA
DIS,Walt Disney Company (The),139.55,251382443496.95,n/a,n/a,Consumer Services,Services-Misc. Amusement & Recreation,https://www.nasdaq.com/symbol/dis,NA
WCN,"Waste Connections, Inc.",91.89,24230427236.1,n/a,n/a,Public Utilities,Environmental Services,https://www.nasdaq.com/symbol/wcn,NA
WM,"Waste Management, Inc.",119.33,50623626158.73,n/a,n/a,Public Utilities,Environmental Services,https://www.nasdaq.com/symbol/wm,NA
WAT,Waters Corporation,217.24,14502821614.56,n/a,1995,Capital Goods,Biotechnology: Laboratory Analytical Instruments,https://www.nasdaq.com/symbol/wat,NA
W,Wayfair Inc.,116.8,10785031212.8,n/a,2014,Consumer Services,Catalog/Specialty Distribution,https://www.nasdaq.com/symbol/w,NA
WEC,"WEC Energy Group, Inc.",93.13,29376537916.6,n/a,n/a,Public Utilities,Power Generation,https://www.nasdaq.com/symbol/wec,NA
WCG,"WellCare Health Plans, Inc.",269,13533948713,n/a,2004,Health Care,Medical Specialities,https://www.nasdaq.com/symbol/wcg,NA
WFC,Wells Fargo & Company,47.15,207747946087.3,n/a,n/a,Finance,Major Banks,https://www.nasdaq.com/symbol/wfc,NA
WELL,Welltower Inc.,91.39,37035506514.24,n/a,n/a,Consumer Services,Real Estate Investment Trusts,https://www.nasdaq.com/symbol/well,NA
WST,"West Pharmaceutical Services, Inc.",149.7,11040167665.5,n/a,n/a,Basic Industries,Specialty Chemicals,https://www.nasdaq.com/symbol/wst,NA
WES,"Western Midstream Partners, LP",24.04,10890332850.16,n/a,2012,Public Utilities,Natural Gas Distribution,https://www.nasdaq.com/symbol/wes,NA
WAB,Westinghouse Air Brake Technologies Corporation,68.27,12845350725.1,n/a,n/a,Capital Goods,Railroads,https://www.nasdaq.com/symbol/wab,NA
WBK,Westpac Banking Corporation,19.63,67541676261.28,n/a,n/a,Finance,Commercial Banks,https://www.nasdaq.com/symbol/wbk,NA
WY,Weyerhaeuser Company,26.71,19897066918.29,n/a,n/a,Consumer Services,Real Estate Investment Trusts,https://www.nasdaq.com/symbol/wy,NA
WPM,Wheaton Precious Metals Corp.,28.8,12852637286.4,n/a,n/a,Basic Industries,Precious Metals,https://www.nasdaq.com/symbol/wpm,NA
WMB,"Williams Companies, Inc. (The)",24.12,29233980239.76,n/a,n/a,Public Utilities,Natural Gas Distribution,https://www.nasdaq.com/symbol/wmb,NA
WIT,Wipro Limited,3.74,22475795315.6,n/a,n/a,Technology,EDP Services,https://www.nasdaq.com/symbol/wit,NA
WPP,WPP plc,60.51,15271570074.3,n/a,n/a,Technology,Advertising,https://www.nasdaq.com/symbol/wpp,NA
XYL,Xylem Inc.,78.39,14112481619.34,n/a,2011,Capital Goods,Fluid Controls,https://www.nasdaq.com/symbol/xyl,NA
YUMC,"Yum China Holdings, Inc.",45.8,17258756979,n/a,2016,Consumer Services,Restaurants,https://www.nasdaq.com/symbol/yumc,NA
YUM,"Yum! Brands, Inc.",119.21,36273903065.4,n/a,n/a,Consumer Services,Restaurants,https://www.nasdaq.com/symbol/yum,NA
ZBH,"Zimmer Biomet Holdings, Inc.",139.74,28690652002.98,n/a,n/a,Health Care,Industrial Specialties,https://www.nasdaq.com/symbol/zbh,NA
ZTS,Zoetis Inc.,128.43,61332766491.06,n/a,2013,Health Care,Major Pharmaceuticals,https://www.nasdaq.com/symbol/zts,NA
ZTO,ZTO Express (Cayman) Inc.,21.16,16549542333.32,n/a,2016,Transportation,Trucking Freight/Courier Services,https://www.nasdaq.com/symbol/zto,NA
